title,link,coupon_code,date_found,discount,rating,students,language
Java concurrency iter academy,https://www.udemy.com/course/java-concurrency-iter-academy/?couponCode=CCY-JULY25-1,CCY-JULY25-1,2025-07-11 23:56:05,,,,
Employee CyberSecurity Awareness First Line of Defense,https://www.udemy.com/course/corporate-cyber-security-awareness-for-employees-2022/?couponCode=6F80294EF4E7D108565F,6F80294EF4E7D108565F,2025-07-11 23:56:10,,,,
Essential Adobe Lightroom Course for Photo Editing,https://www.udemy.com/course/essential-adobe-lightroom-course-for-photo-editing/?couponCode=7CA0FCA82507CC824162,7CA0FCA82507CC824162,2025-07-11 23:56:10,,,,
The complete b2b sales course lead generation to closing,https://www.udemy.com/course/the-complete-b2b-sales-course-lead-generation-to-closing/?couponCode=CEAFCA95542990A322EC,CEAFCA95542990A322EC,2025-07-11 23:56:05,,,,
Unlock Fluent English: Master Idioms for Rapid Communication,https://www.udemy.com/course/english-idioms-course-to-speak-fluently/?couponCode=LEARNENGLISH,LEARNENGLISH,2025-07-11 23:56:10,,,,
MS Excel Automation | Excel Data Analysis with Python,https://www.udemy.com/course/ms-excel-automation-excel-data-analysis-with-python/?couponCode=13D837AB192FA298CE13,13D837AB192FA298CE13,2025-07-11 23:56:10,,,,
Terraform Certification : Basics to Professional,https://www.udemy.com/course/terraform-certification-basics-to-professional-short-course/?couponCode=B8A3B8F92D7029B6D6FB,B8A3B8F92D7029B6D6FB,2025-07-11 23:56:10,,,,
Advanced Certificate in Financial Analysis and Management,https://www.udemy.com/course/advanced-certificate-in-financial-analysis-and-management/?couponCode=3B2432533A0E8A9831AF,3B2432533A0E8A9831AF,2025-07-11 23:56:10,,,,
Advance MS Excel VBA for Beginner to Advanced,https://www.udemy.com/course/advance-ms-excel-vba-for-beginner-to-advanced/?couponCode=6684EDB872857398A80F,6684EDB872857398A80F,2025-07-11 23:56:10,,,,
Public Speaking and Presentation Skills Masterclass,https://www.udemy.com/course/public-speaking-and-presentation-skills-course/?couponCode=5B5131AF852762DB6574,5B5131AF852762DB6574,2025-07-11 23:56:10,,,,
Executive Certificate in Company Direction,https://www.udemy.com/course/executive-certificate-in-company-direction/?couponCode=1B3184334E1A76B6ADA3,1B3184334E1A76B6ADA3,2025-07-11 23:56:10,,,,
Excel – Excel Essentials Course For Beginners to Expert,https://www.udemy.com/course/excel-excel-essential-with-tips-trick-and-job-success/?couponCode=BISMILLAH_31,BISMILLAH_31,2025-07-11 23:56:10,,,,
Associate Professional Risk Manager APRM Certificate,https://www.udemy.com/course/associate-professional-risk-manager-aprm-certificate/?couponCode=61D9C0EB0C07EC06CE71,61D9C0EB0C07EC06CE71,2025-07-11 23:56:10,,,,
Agile Marketing Mastery: Implementing Marketing Sprints,https://www.udemy.com/course/agile-marketing-mastery-implementing-marketing-sprints/?couponCode=2888A82595DE70D57CFF,2888A82595DE70D57CFF,2025-07-11 23:56:10,,,,
Java intro in practice iter academy,https://www.udemy.com/course/java-intro-in-practice-iter-academy/?couponCode=INTRO-JULY25-1,INTRO-JULY25-1,2025-07-11 23:56:05,,,,
GMAT Focus | Quantitative| Master Math Course | 2025 Updated,https://www.udemy.com/course/gmat-quantitative-master-course/?couponCode=FC8E6E454D4D020DAC72,FC8E6E454D4D020DAC72,2025-07-11 23:56:10,,,,
Canva Mastery: Design Like a Pro in Just Days,https://www.udemy.com/course/canva-mastery-design-like-a-pro-in-just-days/?couponCode=ADB309D04D2DDC186F95,ADB309D04D2DDC186F95,2025-07-11 23:56:10,,,,
Java oop iter academy,https://www.udemy.com/course/java-oop-iter-academy/?couponCode=OOP-JULY25-1,OOP-JULY25-1,2025-07-11 23:56:05,,,,
"Master BI, SSIS, SSRS, SSAS & MDX – Zero to Hero",https://www.udemy.com/course/master-bi-ssis-ssrs-ssas-mdx-zero-to-hero-2024/?couponCode=382531C9346A3447520C,382531C9346A3447520C,2025-07-11 23:56:10,,,,
The complete business process reengineering master class,https://www.udemy.com/course/the-complete-business-process-reengineering-master-class/?couponCode=88D55315122731ECF58B,88D55315122731ECF58B,2025-07-11 23:56:05,,,,
How to make smarter decisions and stop making foolish ones,https://www.udemy.com/course/how-to-make-smarter-decisions-and-stop-making-foolish-ones/?couponCode=C7FEC2B907956EC57338,C7FEC2B907956EC57338,2025-07-11 23:56:05,,,,
Mastering Puppet the devops way by School of DevOps®,https://www.udemy.com/course/mastering-puppet-the-devops-way/?couponCode=JUL2025AA,JUL2025AA,2025-07-11 23:56:10,,,,
39 travel tips to make your travel more enjoyable 1 hour,https://www.udemy.com/course/39-travel-tips-to-make-your-travel-more-enjoyable-1-hour/?couponCode=E3B5DC0684D71B3C1CBC,E3B5DC0684D71B3C1CBC,2025-07-11 23:56:05,,,,
Social Media Graphics Design and Video Editing in Canva,https://www.udemy.com/course/social-media-graphics-design-and-video-editing-in-canva/?couponCode=620A473EB71E093369D9,620A473EB71E093369D9,2025-07-11 23:56:10,,,,
Python Django Web Applications Dev with Coding Exercises,https://www.udemy.com/course/python-django-web-applications-dev-with-coding-exercises/?couponCode=6F22B5BBF495F9E9CF7C,6F22B5BBF495F9E9CF7C,2025-07-11 23:56:10,,,,
Mspowerpoint,https://www.udemy.com/course/mspowerpoint/?couponCode=C07394A6E934DB9DB716,C07394A6E934DB9DB716,2025-07-11 23:56:05,,,,
Natural Language Preprocessing Using spaCy,https://www.udemy.com/course/spacy-with-nlp/?couponCode=96AEFF458CA98D914FC4,96AEFF458CA98D914FC4,2025-07-11 23:56:10,,,,
"HTML 5,Python,Flask Framework All In One Complete Course",https://www.udemy.com/course/html-5pythonflask-framework-all-in-one-complete-course/?couponCode=10A0F4DA423AEAA1A24B,10A0F4DA423AEAA1A24B,2025-07-11 23:56:10,,,,
Portfolio Management With Templates,https://www.udemy.com/course/portfolio-management-with-templates/?couponCode=97CC0E6FB52C24569300,97CC0E6FB52C24569300,2025-07-11 23:56:10,,,,
Sales Analytics: Sales Analysis & Modeling using Excel,https://www.udemy.com/course/sales-analytics/?couponCode=JULYGIFT,JULYGIFT,2025-07-11 23:56:10,,,,
Adobe Illustrator CC Masterpiece: Unleashing Creative Magic,https://www.udemy.com/course/adobe-illustrator-cc-masterpiece-unleashing-creative-magic/?couponCode=B9B6C93E4C9E56E8CFE1,B9B6C93E4C9E56E8CFE1,2025-07-11 23:56:10,,,,
Essential Photoshop Course for Beginner To Advanced,https://www.udemy.com/course/graphics-design-videoediting-course/?couponCode=367EBDAC8C59DB7C3A37,367EBDAC8C59DB7C3A37,2025-07-11 23:56:10,,,,
Mastering Social Media Marketing: A Comprehensive Guide,https://www.udemy.com/course/mastering-social-media-marketing-a-comprehensive-guide/?couponCode=C033E033A8ABDB39306F,C033E033A8ABDB39306F,2025-07-11 23:56:10,,,,
Mastering Google NotebookLM: An AI-Powered Research Tool,https://www.udemy.com/course/mastering-google-notebooklm-an-ai-powered-research-tool/?couponCode=42BAFE928D22E0C77411,42BAFE928D22E0C77411,2025-07-11 23:56:10,,,,
Mastering Google Docs – Complete Google Docs Course,https://www.udemy.com/course/mastering-google-docs-complete-google-docs-course/?couponCode=BISMILLAH-33,BISMILLAH-33,2025-07-11 23:56:10,,,,
Executive Certificate in Business Management,https://www.udemy.com/course/executive-certificate-in-business-management/?couponCode=FDDB3BDA37B8BBE784E4,FDDB3BDA37B8BBE784E4,2025-07-11 23:56:10,,,,
Public Speaking for Women,https://www.udemy.com/course/public-speaking-for-women/?couponCode=5DCA1D43A17D07494E88,5DCA1D43A17D07494E88,2025-07-11 23:56:10,,,,
Forex Trading Master Course – Zero to Hero,https://www.udemy.com/course/forex-trading-master-course-zero-to-hero/?couponCode=7EE2CDD437A84C11381D,7EE2CDD437A84C11381D,2025-07-11 23:56:10,,,,
AI for Product Management & Innovation,https://www.udemy.com/course/ai-for-product-management-innovation/?couponCode=68A72DD483132187C925,68A72DD483132187C925,2025-07-11 23:56:10,,,,
Mastering Prompt Engineering: A Toolkit for Modern Marketers,https://www.udemy.com/course/mastering-prompt-engineering-a-toolkit-for-modern-marketers/?couponCode=0D49AF0C67A87910766D,0D49AF0C67A87910766D,2025-07-11 23:56:10,,,,
"C, C++ and PHP: Comprehensive Programming Bootcamp",https://www.udemy.com/course/c-c-and-php-comprehensive-programming-bootcamp/?couponCode=5B9E134AEE84D52CEB52,5B9E134AEE84D52CEB52,2025-07-11 23:56:10,,,,
Using gallups cliftonstrengths for maximum effectiveness,https://www.udemy.com/course/using-gallups-cliftonstrengths-for-maximum-effectiveness/?couponCode=12320E54C04694CC95C0,12320E54C04694CC95C0,2025-07-11 23:56:05,,,,
Customer Success: Mastery for Customer Success Manager (CSM),https://www.udemy.com/course/customer-success-mastery/?couponCode=FREELEARN,FREELEARN,2025-07-11 23:56:10,,,,
ChatGPT & AI for Social Media Marketing: Strategy and Ads,https://www.udemy.com/course/social-media-marketing-strategy-course/?couponCode=10JULY2025,10JULY2025,2025-07-11 23:56:10,,,,
Python for beginners demonstration course,https://www.udemy.com/course/python-for-beginners-demonstration-course/?couponCode=75419619F8879D2DB237,75419619F8879D2DB237,2025-07-11 23:56:05,,,,
Google Sheets Bootcamp Boost Productivity Expert in Cloud,https://www.udemy.com/course/google-sheets-bootcamp-boost-productivity-and-efficiency/?couponCode=90CBE296A6A959FCB3EA,90CBE296A6A959FCB3EA,2025-07-11 23:56:10,,,,
2025 Core JAVA Bootcamp from Zero to Hero,https://www.udemy.com/course/2022-core-java-bootcamp-from-zero-to-hero/?couponCode=722F36540BC7BE2B622E,722F36540BC7BE2B622E,2025-07-11 23:56:10,,,,
Diploma in Functional Skills Mathematics – CPD Accredited,https://www.udemy.com/course/foundational-math/?couponCode=777177DFB356597891F3,777177DFB356597891F3,2025-07-11 23:56:10,,,,
Marketing & Customer Experience Management CXM Excellence,https://www.udemy.com/course/marketing-and-customer-experience-management-cxm-excellence/?couponCode=C47F1BAAE84809B0BF8F,C47F1BAAE84809B0BF8F,2025-07-11 23:56:10,,,,
Dieting nutrition weight loss tips for good healthy life,https://www.udemy.com/course/dieting-nutrition-weight-loss-tips-for-good-healthy-life/?couponCode=54024A8192F9F8E890F9,54024A8192F9F8E890F9,2025-07-11 23:56:05,,,,
Professional Certificate in SMM Social Media Marketing,https://www.udemy.com/course/professional-certificate-in-smm-social-media-marketing/?couponCode=DA849B217DD33775D2C0,DA849B217DD33775D2C0,2025-07-11 23:56:10,,,,
Master in Solution Architecture,https://www.udemy.com/course/master-in-solution-architecture/?couponCode=DD42F1F4E5A8B928A9F0,DD42F1F4E5A8B928A9F0,2025-07-11 23:56:10,,,,
120-Hour TESOL Certification for Online English Teacher,https://www.udemy.com/course/tesol-certification-online/?couponCode=5A93466D12E7186D36C2,5A93466D12E7186D36C2,2025-07-11 23:56:10,,,,
Cursor Vibe Coding Pro: Build Any App from Scratch with AI,https://www.udemy.com/course/cursor-ai-build-apps/?couponCode=4ED6300D8F24202DD532,4ED6300D8F24202DD532,2025-07-11 23:56:10,,,,
"Lean & Quality Management, Six Sigma, Continuous Improvement",https://www.udemy.com/course/lean-quality-management-six-sigma-continuous-improvement/?couponCode=F40EA68C15B357B8E9B5,F40EA68C15B357B8E9B5,2025-07-11 23:56:10,,,,
Essential Excel With Tips Trick Shortcuts and Job Success,https://www.udemy.com/course/essential-excel-with-tips-trick-shortcuts-and-job-success/?couponCode=BE0BB56E5CB59CF08A5D,BE0BB56E5CB59CF08A5D,2025-07-11 23:56:10,,,,
The Complete Manager: Management Skills Guide for Beginners,https://www.udemy.com/course/the-complete-manager-management-skills-for-all-levels/?couponCode=CBB81D4EA1AEC8AC6FF3,CBB81D4EA1AEC8AC6FF3,2025-07-11 23:56:10,,,,
Value based selling a step by step guide,https://www.udemy.com/course/value-based-selling-a-step-by-step-guide/?couponCode=0532F0935BDAF121EC1D,0532F0935BDAF121EC1D,2025-07-11 23:56:05,,,,
Advanced Certificate in Program and Project Management,https://www.udemy.com/course/advanced-certificate-in-program-and-project-management/?couponCode=E6E92279A6D65D27FB12,E6E92279A6D65D27FB12,2025-07-11 23:56:10,,,,
Professional Certificate: Product Management and Development,https://www.udemy.com/course/professional-certificate-product-management-and-development/?couponCode=348DA2C254C824648C2E,348DA2C254C824648C2E,2025-07-11 23:56:10,,,,
ChatGPT for Product Management & Innovation,https://www.udemy.com/course/build-product-management-deliverable-portfolio-using-chatgpt/?couponCode=6A23F723CD16B0902E6E,6A23F723CD16B0902E6E,2025-07-11 23:56:10,,,,
"Master in Software Architecture, Engineering and Development",https://www.udemy.com/course/software-development-engineering-excellence-master-course/?couponCode=B0E97AB8F1921F56073D,B0E97AB8F1921F56073D,2025-07-11 23:56:10,,,,
Create Winning MT4/MT5 Forex Trading Robots without Coding,https://www.udemy.com/course/forextradingrobotcreationcourse/?couponCode=02432F2C5F0097D9F6FC,02432F2C5F0097D9F6FC,2025-07-11 23:56:10,,,,
C++ Training Crash Course for C++ Beginners,https://www.udemy.com/course/c-training-crash-course-2022/?couponCode=DF103F01F6F6B4F1016C,DF103F01F6F6B4F1016C,2025-07-11 23:56:10,,,,
"Full AI Tools 2025: ChatGPT, Midjourney, Gemini, Firefly",https://www.udemy.com/course/chatgpt-for-work-use-ai-at-work-to-improve-efficiency/?couponCode=C94055DE24102D03314F,C94055DE24102D03314F,2025-07-11 23:56:10,,,,
Build a Backend REST API with Node JS from Scratch,https://www.udemy.com/course/build-backend-api-node-js-and-react-frontend/?couponCode=4915A6743BFB9A5200E3,4915A6743BFB9A5200E3,2025-07-11 23:56:10,,,,
Python & Java: Master Backend & Frontend Web Developments,https://www.udemy.com/course/python-java-master-backend-frontend-web-developments/?couponCode=0F2B42142EFB215F2581,0F2B42142EFB215F2581,2025-07-11 23:56:10,,,,
Advanced Certificate in Business & Marketing Strategy,https://www.udemy.com/course/advanced-certificate-in-business-marketing-strategy/?couponCode=3437E8B190AB5E9AD085,3437E8B190AB5E9AD085,2025-07-11 23:56:10,,,,
Diversity Equity Inclusion Building Inclusive Workplaces,https://www.udemy.com/course/diversity-equity-inclusion-building-inclusive-workplaces/?couponCode=E3AA5E3C63D44BB39B1F,E3AA5E3C63D44BB39B1F,2025-07-11 23:56:10,,,,
Data Based Decision Making and Cost-Benefit Analysis (CBA),https://www.udemy.com/course/data-based-decision-making-and-cost-benefit-analysis-cba/?couponCode=6E545DBFF554EFD28E42,6E545DBFF554EFD28E42,2025-07-11 23:56:10,,,,
Product Development & Customer Experience Management Diploma,https://www.udemy.com/course/product-development-customer-experience-management-diploma/?couponCode=8AC0988F0E9116EF4A6E,8AC0988F0E9116EF4A6E,2025-07-11 23:56:10,,,,
"Project Management Methodologies: Agile, Scrum, and PMP",https://www.udemy.com/course/project-management-methodologies-agile-scrum-and-pmp/?couponCode=15B3ABF900E45BD0A6FA,15B3ABF900E45BD0A6FA,2025-07-11 23:56:10,,,,
Complete Accounting + Tallyprime + Tally ERP9 + GST (4 in 1),https://www.udemy.com/course/ultimate-tallyprime-with-gst-step-by-step-guide-2021/?couponCode=TALLYJULY09,TALLYJULY09,2025-07-11 23:56:10,,,,
49 weight loss tips you can stick to forever be thinner,https://www.udemy.com/course/49-weight-loss-tips-you-can-stick-to-forever-be-thinner/?couponCode=B77D270F5B694A30438C,B77D270F5B694A30438C,2025-07-11 23:56:05,,,,
Master in Data Science to become a Data Scientist,https://www.udemy.com/course/a-complete-roadmap-to-become-a-successful-data-scientist/?couponCode=F83EA27DD4B00A787965,F83EA27DD4B00A787965,2025-07-11 23:56:10,,,,
Account-Based Marketing (ABM) 2025: A Complete Guide,https://www.udemy.com/course/account-based-marketing-abm-comprehensive-guide/?couponCode=5548551C2218243F05C3,5548551C2218243F05C3,2025-07-11 23:56:10,,,,
Sales & Service Data Analysis & Analytics Expert Certificate,https://www.udemy.com/course/sales-and-service-data-analysis-and-analytics-expert-certificate/?couponCode=5B99622A00903968CC29,5B99622A00903968CC29,2025-07-11 23:56:10,,,,
Market Research & Competitive Analysis Executive Certificate,https://www.udemy.com/course/market-research-competitive-analysis-executive-certificate/?couponCode=5C00B1D5F88B7E383B3F,5C00B1D5F88B7E383B3F,2025-07-11 23:56:10,,,,
Professional certificate finance data analysis analytics,https://www.udemy.com/course/professional-certificate-finance-data-analysis-analytics/?couponCode=E195326B65DE108B5B84,E195326B65DE108B5B84,2025-07-11 23:56:05,,,,
Rank Your Social Media and Go Viral – Be Social Media Master,https://www.udemy.com/course/rank-your-social-media-and-go-viral-be-social-media-master/?couponCode=33FA4B1B9A6C9A4E38B2,33FA4B1B9A6C9A4E38B2,2025-07-11 23:56:10,,,,
Number Theory (Unvisited applications in the Real World),https://www.udemy.com/course/number-theory-unvisited-applications-in-the-real-world/?couponCode=576C31A48AC4FD1E7355,576C31A48AC4FD1E7355,2025-07-11 23:56:10,,,,
Career Change: Become a Paid Expert in What You Love,https://www.udemy.com/course/how-to-be-an-expert2/?couponCode=A3658437839688CA5A79,A3658437839688CA5A79,2025-07-11 23:56:10,,,,
Android apps with artificial Intelligence,https://www.udemy.com/course/building-ai-android-applications/?couponCode=87E67A941D9FD2198E2E,87E67A941D9FD2198E2E,2025-07-11 23:56:10,,,,
Llama 4 ai mastering prompt engineering,https://www.udemy.com/course/llama-4-ai-mastering-prompt-engineering/?couponCode=11JULY2025,11JULY2025,2025-07-11 23:56:05,,,,
Online Course Creation: Teach an Online Course,https://www.udemy.com/course/how-to-teach-an-online-course2/?couponCode=23E218C82D6D51385C7B,23E218C82D6D51385C7B,2025-07-11 23:56:10,,,,
Media Training: You Can Be a Media Trainer,https://www.udemy.com/course/media-trainer-how-to-become-a-media-trainer/?couponCode=8E47355E773F0401E3BB,8E47355E773F0401E3BB,2025-07-11 23:56:10,,,,
Excel for Everyone: Essential Skills for Work and Life,https://www.udemy.com/course/excel-for-everyone-essential-skills-for-work-and-life/?couponCode=9F11F8A91E45C3759577,9F11F8A91E45C3759577,2025-07-11 23:56:10,,,,
GRE – GMAT | Advanced Learners | Math Marathon,https://www.udemy.com/course/gre-gmat-advanced-learners-math-marathon/?couponCode=B1305206168461F38118,B1305206168461F38118,2025-07-11 23:56:10,,,,
Story_telling,https://www.udemy.com/course/story_telling/?couponCode=JULYST2025,JULYST2025,2025-07-11 23:56:05,,,,
Professional Certificate in Career Coaching,https://www.udemy.com/course/professional-certificate-in-career-coaching/?couponCode=37A6F9CDA99E16EBCD5C,37A6F9CDA99E16EBCD5C,2025-07-11 23:56:10,,,,
Java core in practice iter academy,https://www.udemy.com/course/java-core-in-practice-iter-academy/?couponCode=CORE-JULY25-1,CORE-JULY25-1,2025-07-11 23:56:05,,,,
100+ JavaScript Coding Practice Test Questions Answers 2025,https://www.udemy.com/course/javascript-coding-interview-questions-with-solutions/?couponCode=BA376C530DBCF5E721BA,BA376C530DBCF5E721BA,2025-07-11 23:56:10,,,,
UI/UX Design Masterclass with Adobe XD: From Beginner to Pro,https://www.udemy.com/course/uiux-design-masterclass-with-adobe-xd-from-beginner-to-pro/?couponCode=4AC0C037A3825A924E38,4AC0C037A3825A924E38,2025-07-11 23:56:10,,,,
Complete Microsoft Word Excel PowerPoint Course,https://www.udemy.com/course/complete-microsoft-word-excel-powerpoint-course/?couponCode=90906638756CB153A5B9,90906638756CB153A5B9,2025-07-11 23:56:10,,,,
Flawless Writing: English Punctuation for Business Writers,https://www.udemy.com/course/english-punctuation-simplified/?couponCode=D3AEB661D719064D37C8,D3AEB661D719064D37C8,2025-07-11 23:56:10,,,,
Leading Across Generations / Multigenerational Leadership,https://www.udemy.com/course/leading-across-generations-multigenerational-leadership/?couponCode=C5402DC05B8069F5DF55,C5402DC05B8069F5DF55,2025-07-11 23:56:10,,,,
CapCut Mastery: From Beginner to Pro,https://www.udemy.com/course/capcut-mastery-from-beginner-to-pro/?couponCode=0425783757847401403D,0425783757847401403D,2025-07-11 23:56:10,,,,
Python TensorFlow Programming with Coding Exercises,https://www.udemy.com/course/python-tensorflow-programming-with-coding-exercises/?couponCode=8D245F6C487B5996E193,8D245F6C487B5996E193,2025-07-11 23:56:10,,,,
Essential Microsoft Excel from Beginner to Advance level,https://www.udemy.com/course/essential-excel-for-beginner-to-advanced/?couponCode=67CF947BC229781D977D,67CF947BC229781D977D,2025-07-11 23:56:10,,,,
Microsoft Power Platform: Power Apps/Power BI/Power Automate,https://www.udemy.com/course/microsoft-power-platform-complete-course-a-to-z-no-code/?couponCode=7FE5DFA3C449F3B74AFD,7FE5DFA3C449F3B74AFD,2025-07-11 23:56:10,,,,
How to Generate Marketing Leads with AI,https://www.udemy.com/course/generate-marketing-leads-with-ai/?couponCode=07JULY2025,07JULY2025,2025-07-11 23:56:10,,,,
Digital Transformation & Customer Experience Management CXM,https://www.udemy.com/course/digital-transformation-customer-experience-management-cxm/?couponCode=E878D4248166680B94AB,E878D4248166680B94AB,2025-07-11 23:56:10,,,,
Mastering HTML5: From Beginner to Advanced 2025,https://www.udemy.com/course/mastering-html5-from-beginner-to-advanced/?couponCode=B9496B56809D60DAD95A,B9496B56809D60DAD95A,2025-07-11 23:56:10,,,,
Professional Certificate in DevOps,https://www.udemy.com/course/professional-certificate-in-devops/?couponCode=E80FC87CA73A667FCB31,E80FC87CA73A667FCB31,2025-07-11 23:56:10,,,,
"Mastering Solidity, the Ethereum Programming Language",https://www.udemy.com/course/mastering-solidity/?couponCode=AE4D1548246D1F791E66,AE4D1548246D1F791E66,2025-07-11 23:56:10,,,,
Certificate in Business & Operations Management Excellence,https://www.udemy.com/course/certificate-in-business-and-operations-management-excellence/?couponCode=B5EE68A800EC6DF2C0BC,B5EE68A800EC6DF2C0BC,2025-07-11 23:56:10,,,,
Python Flask Web Applications Dev with Coding Exercises,https://www.udemy.com/course/python-flask-web-applications-dev-with-coding-exercises/?couponCode=01DFF6FD0E0519341EBB,01DFF6FD0E0519341EBB,2025-07-11 23:56:10,,,,
"Ultimate Job Seeker Course – Resume, Cover Letter, Interview",https://www.udemy.com/course/ultimate-job-seeker-course-resume-cover-letter-interview/?couponCode=15CF29F2B98FB290DF3B,15CF29F2B98FB290DF3B,2025-07-11 23:56:10,,,,
Professional Certificate in Financial Analysis,https://www.udemy.com/course/professional-certificate-in-financial-analysis/?couponCode=9B77A1BB9949CBF53954,9B77A1BB9949CBF53954,2025-07-11 23:56:10,,,,
Ultimate Guide to Canva T-Shirt Design: Mastery in T-Shirt,https://www.udemy.com/course/ultimate-guide-to-canva-t-shirt-design-mastery-in-t-shirt/?couponCode=131DC0AC5831AB99CCE8,131DC0AC5831AB99CCE8,2025-07-11 23:56:10,,,,
GRE Quantitative Prep | Master Math Course | 2025 Updated,https://www.udemy.com/course/gre-quantitative-master-course/?couponCode=F173C28481DA25C9FD09,F173C28481DA25C9FD09,2025-07-11 23:56:10,,,,
Decision Making for Leaders and Managers,https://www.udemy.com/course/decision-making-for-leaders-and-managers/?couponCode=2A74FCC6806E6317D738,2A74FCC6806E6317D738,2025-07-11 23:56:10,,,,
2025 Data Structures Using Python,https://www.udemy.com/course/data-structures-using-python/?couponCode=3ED24086D548BAA546A2,3ED24086D548BAA546A2,2025-07-11 23:56:10,,,,
JavaScript And PHP Programming Complete Course,https://www.udemy.com/course/javascript-and-php-programming-complete-course/?couponCode=B6D168F215A6581881B9,B6D168F215A6581881B9,2025-07-11 23:56:10,,,,
Dart Mastery – Become a Dart Master From Zero to Hero,https://www.udemy.com/course/dart-mastery-become-a-dart-master-from-hero-to-zero-dart/?couponCode=2BC0B0426F998FE90974,2BC0B0426F998FE90974,2025-07-11 23:56:10,,,,
People Management for HR: Leading & Developing Employees,https://www.udemy.com/course/people-management-for-hr-leading-developing-employees/?couponCode=MIKESELFJULY,MIKESELFJULY,2025-07-11 23:56:10,,,,
"SAT Digital English Prep Course | Reading, Writing, Language",https://www.udemy.com/course/sat-digital-english-prep-course-reading-writing-language/?couponCode=CBEFAC1B63484FE7E6C5,CBEFAC1B63484FE7E6C5,2025-07-11 23:56:10,,,,
From Basics to Advanced: Data Analysis Using ChatGPT,https://www.udemy.com/course/from-basics-to-advanced-data-analysis-using-chatgpt/?couponCode=8CFB36C4ADDBFB3C8568,8CFB36C4ADDBFB3C8568,2025-07-11 23:56:10,,,,
Complete google classroom course teaching google classroom,https://www.udemy.com/course/complete-google-classroom-course-teaching-google-classroom/?couponCode=56927BA08F25B032003C,56927BA08F25B032003C,2025-07-11 23:56:05,,,,
Create Sales Funnels – Email Automations – Membership,https://www.udemy.com/course/sales-funnel-builder-mastery/?couponCode=E5D5A6C23D6E586DB78E,E5D5A6C23D6E586DB78E,2025-07-11 23:56:10,,,,
Web Design for Beginners: Build Websites in HTML & CSS,https://www.udemy.com/course/web-design-for-beginners-build-websites-in-html-css-2021/?couponCode=HTMLCSSCOURSE98,HTMLCSSCOURSE98,2025-07-11 23:56:10,,,,
Build a User Web App from Scratch with Vanilla PHP 8+,https://www.udemy.com/course/create-real-world-php-webapp-from-scratch/?couponCode=9A587D1714DB4FC1975F,9A587D1714DB4FC1975F,2025-07-11 23:56:10,,,,
Excel Charts & Graphs: Master Class Excel Charts & Graphs,https://www.udemy.com/course/excel-charts-graphs-master-class-excel-charts-graphs/?couponCode=BISMILLAH_16,BISMILLAH_16,2025-07-11 23:56:10,,,,
"C, C++, PHP & Java: Complete Guide to Modern Programming",https://www.udemy.com/course/c-c-php-java-complete-guide-to-modern-programming/?couponCode=C01E7E032E4B762344FD,C01E7E032E4B762344FD,2025-07-11 23:56:10,,,,
Financial Services – Understanding Interest Rates,https://www.udemy.com/course/financial-services-understanding-interest-rates/?couponCode=7_JUL_25,7_JUL_25,2025-07-11 23:56:10,,,,
Pre-Algebra Made Easy: The Complete Beginner’s Guide,https://www.udemy.com/course/pre-algebra-made-easy-the-complete-beginners-guide/?couponCode=7AA7FA961A4F413F7393,7AA7FA961A4F413F7393,2025-07-11 23:56:10,,,,
Adobe Illustrator for T-Shirt Design: From Sketch to Print,https://www.udemy.com/course/adobe-illustrator-for-t-shirt-design-from-sketch-to-print/?couponCode=57181AB8EEB4E0BB12FE,57181AB8EEB4E0BB12FE,2025-07-11 23:56:10,,,,
ChatGPT for Product Management,https://www.udemy.com/course/chatgpt-for-product-managers/?couponCode=525AFD91521A0CC414B2,525AFD91521A0CC414B2,2025-07-11 23:56:10,,,,
Freelance consulting the 1 hour course for beginners,https://www.udemy.com/course/freelance-consulting-the-1-hour-course-for-beginners/?couponCode=6B2E98DAF7B54C874167,6B2E98DAF7B54C874167,2025-07-11 23:56:05,,,,
Mastering Google Docs: A Comprehensive Google Docs Course,https://www.udemy.com/course/the-complete-google-docs-course/?couponCode=8A5CD654C3C08441D5B1,8A5CD654C3C08441D5B1,2025-07-11 23:56:10,,,,
Media Training for Print/Online Interviews-Get Great Quotes,https://www.udemy.com/course/media-training-for-print-interviews-and-online-publications/?couponCode=B8BAAA946914F897728A,B8BAAA946914F897728A,2025-07-11 23:56:10,,,,
Expert Certificate: Marketing Data Analysis & Data Analytics,https://www.udemy.com/course/expert-certificate-marketing-data-analysis-data-analytics/?couponCode=C4A9E13D4256A7ACFD7C,C4A9E13D4256A7ACFD7C,2025-07-11 23:56:10,,,,
Microsoft Word Mastery: Essential Skill for Job and Business,https://www.udemy.com/course/microsoft-word-mastery-essential-skill-for-job-and-business/?couponCode=AC67C6FF6F45756B7B2D,AC67C6FF6F45756B7B2D,2025-07-11 23:56:10,,,,
Python Development and Python Programming Fundamentals,https://www.udemy.com/course/python-development-and-python-programming-fundamentals/?couponCode=0107257E60A77DCC68D3,0107257E60A77DCC68D3,2025-07-11 23:56:10,,,,
Python Numpy Data Analysis for Data Scientist | AI | ML | DL,https://www.udemy.com/course/python-numpy-data-analysis-for-data-scientist-ai-ml-dl/?couponCode=8CD41415A49DCA0569D8,8CD41415A49DCA0569D8,2025-07-11 23:56:10,,,,
Cyber safety,https://www.udemy.com/course/cyber-safety/?couponCode=082FC699456A8F82763C,082FC699456A8F82763C,2025-07-11 23:56:05,,,,
The Power of One: Mastering the Single Element To Success,https://www.udemy.com/course/how-to-accelerate-your-business-benefits/?couponCode=REVIEWPLEASE,REVIEWPLEASE,2025-07-11 23:56:10,,,,
Productivity focus concentration performance strategies,https://www.udemy.com/course/productivity-focus-concentration-performance-strategies/?couponCode=4_JUL_25&ra,4_JUL_25,2025-07-11 23:56:05,,,,
Creative Brilliance Project Based Professional Photoshop,https://www.udemy.com/course/project-based-professional-photoshop/?couponCode=56C834E283D560052AF3,56C834E283D560052AF3,2025-07-11 23:56:10,,,,
Chatbot Creation with Generative AI: A Practical Guide,https://www.udemy.com/course/chatbot-creation-with-generative-ai-a-practical-guide/?couponCode=680DC88DE5FF5832F263,680DC88DE5FF5832F263,2025-07-11 23:56:10,,,,
User Interviews & User Onboarding,https://www.udemy.com/course/user-interviews-and-user-onboarding/?couponCode=6AEE285AAA47C200CD1B,6AEE285AAA47C200CD1B,2025-07-11 23:56:10,,,,
HVAC Maintenance from Zero to Hero (DUAL HVAC Certification),https://www.udemy.com/course/hvac-maintenance/?couponCode=01C6EB811D1D68982222,01C6EB811D1D68982222,2025-07-11 23:56:10,,,,
Capcut Ninja: Mastering Video Editing Basics to Advanced,https://www.udemy.com/course/capcut-ninja-mastering-video-editing-basics-to-advanced/?couponCode=5D6ACD49CDB3D0266BFF,5D6ACD49CDB3D0266BFF,2025-07-11 23:56:10,,,,
Professional Certificate in Marketing & Marketing Management,https://www.udemy.com/course/professional-certificate-in-marketing-and-marketing-management/?couponCode=43139C98A50971462A25,43139C98A50971462A25,2025-07-11 23:56:10,,,,
Passive income 1 hour course to guide your financial path,https://www.udemy.com/course/passive-income-1-hour-course-to-guide-your-financial-path/?couponCode=1ECC6008FBB66E5D6C7F,1ECC6008FBB66E5D6C7F,2025-07-11 23:56:05,,,,
From Prompt Engineering to Agent Engineering,https://www.udemy.com/course/from-prompt-engineering-to-agent-engineering/?couponCode=08JULY2025,08JULY2025,2025-07-11 23:56:10,,,,
Complete Fundamental Analysis In Forex Trading Master Course,https://www.udemy.com/course/complete-fundamental-analysis-master-course/?couponCode=9FBE26CF14378D43A49D,9FBE26CF14378D43A49D,2025-07-11 23:56:10,,,,
Complete Web Designing Course | Web-Development BootCamp,https://www.udemy.com/course/master-classes-for-web-design-course-html-css-js-seo/?couponCode=8D6803D63F41D4CD3242,8D6803D63F41D4CD3242,2025-07-11 23:56:10,,,,
Finance for Non-Finance Professionals: Anyone Can Learn,https://www.udemy.com/course/finance-for-non-finance-anyone-can-learn-finance/?couponCode=LEARNFINANCEJULY2025,LEARNFINANCEJULY2025,2025-07-11 23:56:10,,,,
Professional Certificate in Risk Management,https://www.udemy.com/course/professional-certificate-in-risk-management/?couponCode=D7689BF932DC1EEB9619,D7689BF932DC1EEB9619,2025-07-11 23:56:10,,,,
Complete CapCut Pro Desktop and Mobile Mastery Course,https://www.udemy.com/course/complete-capcut-desktop-mastery-course/?couponCode=31742CFF95BD9156245B,31742CFF95BD9156245B,2025-07-11 23:56:10,,,,
AWS Essentials: A Complete Beginner’s Guide,https://www.udemy.com/course/aws-essentials-a-complete-beginners-guide/?couponCode=5BC3EDA70709E6A3EBE9,5BC3EDA70709E6A3EBE9,2025-07-11 23:56:10,,,,
Python Demonstrations For Practice Course,https://www.udemy.com/course/python-for-beginners-demonstration-course/?couponCode=5CFF2315904A404F6B6B,5CFF2315904A404F6B6B,2025-07-11 23:56:10,,,,
Perplexity AI for Marketing & Business Automation,https://www.udemy.com/course/perplexity-ai-for-marketing-business-automation/?couponCode=09JULY2025,09JULY2025,2025-07-11 23:56:10,,,,
Certificate in Public Relations and Communication Management,https://www.udemy.com/course/certificate-in-public-relations-and-communication-management/?couponCode=E12BBFCFFC18BD6C72E6,E12BBFCFFC18BD6C72E6,2025-07-11 23:56:10,,,,
ISO/IEC 27701: Implement Privacy Management Step by Step,https://www.udemy.com/course/implement-isoiec-27701-step-by-step/?couponCode=9D740381DBA77D3BB62D,9D740381DBA77D3BB62D,2025-07-11 23:56:10,,,,
AI Personal Branding: Secure High-Paying Jobs as a Student,https://www.udemy.com/course/ai-personal-branding-secure-high-paying-jobs-as-a-student/?couponCode=5922EFC11235907DF528,5922EFC11235907DF528,2025-07-11 23:56:10,,,,
Public Speaking: You Can be a Great Speaker within 24 Hours,https://www.udemy.com/course/the-ultimate-public-speaking-course/?couponCode=75CA8CA5B2714F180FB8,75CA8CA5B2714F180FB8,2025-07-11 23:56:10,,,,
"Diploma in Aviation, Airlines, Air Transportation & Airports",https://www.udemy.com/course/professional-diploma-in-aviation-airlines-air-transportation-airports/?couponCode=AC54DE2E52741EB63700,AC54DE2E52741EB63700,2025-07-11 23:56:10,,,,
2025 | Pandas Bootcamp | Data Analysis with Pandas Python3,https://www.udemy.com/course/the-pandas-bootcamp-data-analysis-with-pandas-python3/?couponCode=28D62838C772D33F09B8,28D62838C772D33F09B8,2025-07-11 23:56:10,,,,
Web Design Course with HTML CSS and WordPress,https://www.udemy.com/course/web-design-course-with-html-css-and-wordpress/?couponCode=75078B0B2D56F6D2AC58,75078B0B2D56F6D2AC58,2025-07-11 23:56:10,,,,
Media Training for Beginners: Ace Your First News Interviews,https://www.udemy.com/course/media-training-for-beginners/?couponCode=097A7435DB7111F48484,097A7435DB7111F48484,2025-07-11 23:56:10,,,,
Executive Certificate in Sales Management,https://www.udemy.com/course/executive-certificate-in-sales-management/?couponCode=3D855F491A1DA4B29C15,3D855F491A1DA4B29C15,2025-07-11 23:56:10,,,,
Adobe Premiere Pro CC For Video Editing – Novice to Expert,https://www.udemy.com/course/adobe-premiere-pro-cc-for-video-editing-from-novice-to-exper/?couponCode=4F68C9812489A382DA60,4F68C9812489A382DA60,2025-07-11 23:56:10,,,,
Web Design Course For Beginner to Advanced,https://www.udemy.com/course/web-design-for-beginner-to-advanced/?couponCode=E72F9A62A4F3B276A4D9,E72F9A62A4F3B276A4D9,2025-07-11 23:56:10,,,,
SAT Digital | Math Master Course | 2025 Updated | Target 800,https://www.udemy.com/course/sat-i-quantitative-master-course/?couponCode=7F27306EFEC5EC97D3EF,7F27306EFEC5EC97D3EF,2025-07-11 23:56:10,,,,
Management Consulting Presentation Essential Training 2025,https://www.udemy.com/course/management-consulting-presentation-mckinsey/?couponCode=3C0D7FE2551AB76A281A,3C0D7FE2551AB76A281A,2025-07-11 23:56:10,,,,
