title,website,reason
Python Development and Python Programming Fundamentals,RealDiscount,Expired coupon
Entry Certificate Business Analysis (IIBA ECBA) Mock Exams,RealDiscount,Expired coupon
SAP-Certification–C_STC_2405-SAP Cloud ALM-Pack Serie 1&2&3,RealDiscount,Ad/Sponsored content
Android apps with artificial Intelligence,RealDiscount,Expired coupon
Generative AI : Create an impressive AI Art 2025,RealDiscount,Expired coupon
Sigmund Freud: Phân tâm học và những giấc mơ,RealDiscount,Expired coupon
Mental Health for the Workplace,RealDiscount,Expired coupon
SAP-Practice Pack-Certification-Low Code/No Code-C_LCNC_2406,RealDiscount,Ad/Sponsored content
ISO/IEC 27701: Implement Privacy Management Step by Step,RealDiscount,Expired coupon
Developing successful Professional Relationships,RealDiscount,Expired coupon
Professional Certificate: Product Management and Development,RealDiscount,Expired coupon
CompTIA Cybersecurity Analyst (CySA+)  - Ace the CS0-003,RealDiscount,Expired coupon
Advertize on Real Discount,RealDiscount,Ad/Sponsored content
Complete Preparation for the Cisco 350-401 ENCOR Exam (2025),RealDiscount,Expired coupon
Estadística: Ji-cuadrada y análisis de varianza con Excel,RealDiscount,Expired coupon
Emotional Intelligence in Leadership,RealDiscount,Expired coupon
Implement ISO 37000 Step by Step,RealDiscount,Expired coupon
AZ-900: Microsoft Azure Fundamentals Practice Tests [2025],RealDiscount,Expired coupon
Program Management Professional (PgMP) Practice Exam 2024,RealDiscount,Expired coupon
Advertize on Real Discount,RealDiscount,Ad/Sponsored content
Executive Certificate in Company Direction,RealDiscount,Expired coupon
"Máster en Elementor, ¡Desde Cero Hasta Experto!",RealDiscount,Expired coupon
"Máster en WordPress y ChatGPT, ¡Desde Cero Hasta Experto!",RealDiscount,Expired coupon
All in One WP Migration: Migra tu Sitio Web de WordPress,RealDiscount,Expired coupon
SAP-Certification–C_STC_2405-SAP Cloud ALM-Pack Serie 1&2&3,RealDiscount,Ad/Sponsored content
Elementor Hosting: Cómo Crear una Página Web con WordPress,RealDiscount,Expired coupon
Máster en Diseño Web Para No Programadores,RealDiscount,Expired coupon
Cómo Crear una Página de Ventas Para Hotmart,RealDiscount,Expired coupon
Unlock Fluent English: Master Idioms for Rapid Communication,RealDiscount,Expired coupon
AI for CFOs: Mastering the Future of Finance Accounting,RealDiscount,Ad/Sponsored content
PRINCE2 FOUNDATION Exam Questions for 2023 - 06 FULL TEST,RealDiscount,Expired coupon
The Complete Manager: Management Skills Guide for Beginners,RealDiscount,Not free (Price: 14)
Cyber Kill Chain: From Attack to Defense in Cybersecurity,RealDiscount,Expired coupon
Boost Productivity with Meta AI for Professionals,RealDiscount,Expired coupon
